{
  "project_info": {
    "project_number": "113868124197",
    "firebase_url": "https://crud-74b5b-default-rtdb.firebaseio.com",
    "project_id": "crud-74b5b",
    "storage_bucket": "crud-74b5b.appspot.com"
  },
  "client": [
    {
      "client_info": {
        "mobilesdk_app_id": "1:113868124197:android:7bbec08e15ef829eb50fcc",
        "android_client_info": {
          "package_name": "com.example.firebasekotlincrud"
        }
      },
      "oauth_client": [
        {
          "client_id": "113868124197-f1mqa31pfu7q1cdiur3mqsier4du96gr.apps.googleusercontent.com",
          "client_type": 3
        }
      ],
      "api_key": [
        {
          "current_key": "AIzaSyCuaj6WkvtXzq9P1Erb_zQsuSLbR8OXMrw"
        }
      ],
      "services": {
        "appinvite_service": {
          "other_platform_oauth_client": [
            {
              "client_id": "113868124197-f1mqa31pfu7q1cdiur3mqsier4du96gr.apps.googleusercontent.com",
              "client_type": 3
            }
          ]
        }
      }
    }
  ],
  "configuration_version": "1"
}